
INSERT INTO atualizacoes (idStudent, place, data_att) VALUES
(4001, 46313, '2019-08-17'),
(4044, 169422, '2019-08-17'),
(10582, 3646, '2019-08-17'),
(13607, 2, '2019-08-17'),
(31538, 626, '2019-08-17'),
(34355, 3, '2019-08-17'),
(114752, 8705, '2019-08-17'),
(4001, 46359, '2019-08-19'),
(4044, 169563, '2019-08-19'),
(10582, 3650, '2019-08-19'),
(13607, 2, '2019-08-19'),
(31538, 627, '2019-08-19'),
(34355, 3, '2019-08-19'),
(114752, 8712, '2019-08-19'),
(4001, 46385, '2019-08-20'),
(4044, 169701, '2019-08-20'),
(10582, 3654, '2019-08-20'),
(13607, 2, '2019-08-20'),
(31538, 627, '2019-08-20'),
(34355, 3, '2019-08-20'),
(114752, 8717, '2019-08-20'),
(4001, 46445, '2019-08-21'),
(4044, 169946, '2019-08-21'),
(10582, 3659, '2019-08-21'),
(13607, 2, '2019-08-21'),
(31538, 627, '2019-08-21'),
(34355, 3, '2019-08-21'),
(114752, 8724, '2019-08-21');

INSERT INTO institution (id, `name`) VALUES
(1, 'ifc'),
(2, 'unicamp'),
(3, 'uff'),
(4, 'ifrn'),
(5, 'unb-gama'),
(6, 'ifce');

INSERT INTO sclass (id, `name`, idInst) VALUES
(1, 'POO', 1),
(2, 'Algebra Linear', 1),
(3, 'POO2', 1);


INSERT INTO student (id, `name`, place, since, points, tried, submission, idInstitution) VALUES
(4001, 'Gilmaicor', 46445, '2013-04-24', 129.7, 45, 100, 6),
(4044, 'Rodrigo Curvello', 169946, '2013-04-26', 14.9, 6, 12, 1),
(10582, 'Carlos Fran', 3659, '2013-11-06', 547.7, 170, 359, 4),
(13607, 'Gabriel Duarte', 2, '2014-02-10', 10761.5, 1703, 4468, 3),
(31538, 'Simião Carvalho', 627, '2014-10-07', 1343.8, 305, 581, 5),
(34355, 'Erick Leonardo de Sousa Monteiro', 3, '2014-11-14', 9625.4, 1612, 4244, 2),
(114752, 'westefns souza', 8724, '2016-07-28', 369.9, 152, 274, 4);


INSERT INTO student_has_sclass (idStudent, idSClass) VALUES
(4044, 1),
(10582, 1),
(114752, 1),
(31538, 1),
(34355, 2),
(4044, 2);

